anna1104anna,anna123456
anna1104anna,anna123456
anna1104anna,anna123456
anna1104anna,anna123456
anna1104anna,anna123456
anna1104anna,anna123456
anna1104anna,anna123456
anna1104anna,anna123456
anna1104anna,anna123456
anna1104anna,anna123456
anna1104anna,anna123456
anna1104anna,anna123456
anna1104anna,anna123456
anna1104anna,anna123456
anna1104anna,anna123456
anna1104anna,anna123456
anna1104anna,anna123456
anna1104anna,anna123456
anna1104anna,anna123456
anna1104anna,anna123456
anna1104anna,anna123456
anna1104anna,anna123456
anna1104anna,anna123456
anna1104anna,anna123456
anna1104anna,anna123456
anna1104anna,anna123456
anna1104anna,anna123456
anna1104anna,anna123456
anna1104anna,anna123456
anna1104anna,anna123456
anna1104anna,anna123456
anna1104anna,anna123456
anna1104anna,anna123456
anna1104anna,anna123456
anna1104anna,anna123456
anna1104anna,anna123456